{
  "total_records": 15,
  "average_pH": 6.331300738036589,
  "average_temperature": 19.945970913155485
}